{
	"purchaseOrder": [{
			"PONumber": "987001",
			"vendorNumber": "123001",
			"createdDate": "21/12/2017",
			"POstatus": "Processing",
			"ReleaseCode": "12345",
			"items": {
				"itemName": "bread",
				"itemnumber": "1",
				"serviceName": "abc",
				"vendorName": "Modern",
				"plant": "ab12",
				"requestedby": "Customer1"
			}

		},
		{
			"PONumber": "987002",
			"vendorNumber": "123004",
			"createdDate": "01/02/2017",
			"POstatus": "Declined",
			"ReleaseCode": "98765",
			"items": {
				"itemName": "buscuits",
				"itemnumber": "10",
				"serviceName": "marie",
				"vendorName": "Parle",
				"plant": "parleX",
				"requestedby": "Customer009"
			}
		},
		{
			"PONumber": "987003",
			"vendorNumber": "123003",
			"createdDate": "04/02/2017",
			"POstatus": "Declined",
			"ReleaseCode": "98765",
			"items": {
				"itemName": "Milk",
				"itemnumber": "3",
				"serviceName": "milkDelivery",
				"vendorName": "Nandidni",
				"plant": "nan4512",
				"requestedby": "Customer53"
			}
		},
		{
			"PONumber": "987004",
			"vendorNumber": "123002",
			"createdDate": "10/09/2017",
			"POstatus": "Processing",
			"ReleaseCode": "98765",
			"items": {
				"itemName": "butter",
				"itemnumber": "4",
				"serviceName": "butterDelivery",
				"vendorName": "Amul",
				"plant": "amul1212",
				"requestedby": "Customer111"
			}
		}
	]
}