{
	"vendorDetails": [{
			"vendorNumber": "123001",
			"vendorName": "Modern",
			"createdBy": "Tina",
			"createdDate": "21/12/2017",
			"address": {
				"Street1": "Jaydev street",
				"street2": "8th main",
				"City": "Mysore",
				"State": "Karnataka",
				"Country": "India",
				"PostalCode": "570001"
			},
			"Contact": {
				"email": "Modern@gmail.com",
				"telephone": "080-123456",
				"mobile": "9880217756",
				"fax": "080-123456"
			}


		},
		{
			"vendorNumber": "123002",
			"vendorName": "Amul",
			"createdBy": "Tom",
			"createdDate": "15/07/2017",
			"address": {
				"Street1": "Ramaiah road",
				"street2": "SBM layout road",
				"City": "Bangalore",
				"State": "Karnataka",
				"Country": "India",
				"PostalCode": "560058"
			},
			"Contact": {
				"email": "Amul@gmail.com",
				"telephone": "080-123456",
				"mobile": "9848963756",
				"fax": "080-128946"
			}
		},
		{
			"vendorNumber": "123003",
			"vendorName": "Nandini",
			"createdBy": "Ram",
			"createdDate": "23/08/2016",
			"address": {
				"Street1": "baker street",
				"street2": "HMT main road",
				"City": "Vizag",
				"State": "Andhra Pradesh",
				"Country": "India",
				"PostalCode": "531163"
			},
			"Contact": {
				"email": "Nandini@gmail.com",
				"telephone": "080-123456",
				"mobile": "9889654756",
				"fax": "080-123456"
			}
		},
		{
			"vendorNumber": "123004",
			"vendorName": "Parle",
			"createdBy": "Reena",
			"createdDate": "09/09/2017",
			"address": {
				"Street1": "value market road",
				"street2": "",
				"City": "Chennai",
				"State": "Tamil nadu",
				"Country": "India",
				"PostalCode": "600003"
			},
			"Contact": {
				"email": "Parle@gmail.com",
				"telephone": "080-873456",
				"mobile": "8780217756",
				"fax": "080-178356"
			}
		}

	]
}